cache,enabled,overlap,sample,first_ms,bal_load_ms,evm_provider_accounts,evm_provider_slots,parent_bal_bytes,rss_before,rss_after
cold,False,0,0,2.383213,0,9.0,64.0,660,2436390912,2447704064
cold,False,0,1,2.004412,0,9.0,64.0,660,2449244160,2451345408
cold,False,0,2,1.747184,0,9.0,64.0,660,2452660224,2449993728
cold,False,0,3,2.125365,0,9.0,64.0,660,2447978496,2453098496
cold,False,0,4,1.867715,0,9.0,64.0,660,2454097920,2457128960
cold,False,0,5,2.204614,0,9.0,64.0,660,2459971584,2463625216
cold,False,0,6,2.057172,0,9.0,64.0,660,2475237376,2481664000
cold,False,0,7,1.973836,0,9.0,64.0,660,2493616128,2499764224
cold,False,0,8,2.773101,0,9.0,64.0,660,2511167488,2517504000
cold,False,0,9,2.304801,0,9.0,64.0,660,2529439744,2536710144
cold,False,0,10,2.436613,0,9.0,64.0,660,2540834816,2547675136
cold,False,0,11,2.505117,0,9.0,64.0,660,2551353344,2562752512
cold,False,0,12,1.904952,0,9.0,64.0,660,2564382720,2564493312
cold,False,0,13,2.058613,0,9.0,64.0,660,2563153920,2567143424
cold,False,0,14,2.193879,0,9.0,64.0,660,2567360512,2563616768
cold,False,0,15,2.10924,0,9.0,64.0,660,2563739648,2567839744
cold,False,0,16,2.354831,0,9.0,64.0,660,2567974912,2563948544
cold,False,0,17,2.191945,0,9.0,64.0,660,2564116480,2568744960
cold,False,0,18,2.018945,0,9.0,64.0,660,2568900608,2566287360
cold,False,0,19,2.198726,0,9.0,64.0,660,2566438912,2569469952
cold,False,0,20,2.49988,0,9.0,64.0,660,2569760768,2565308416
cold,False,0,21,2.033075,0,9.0,64.0,660,2565427200,2569781248
cold,False,0,22,2.092496,0,9.0,64.0,660,2571403264,2568601600
cold,False,0,23,3.520408,0,9.0,64.0,660,2567168000,2570096640
cold,False,0,24,2.211565,0,9.0,64.0,660,2588094464,2588700672
cold,False,0,25,2.26111,0,9.0,64.0,660,2588819456,2595553280
cold,False,0,26,2.145706,0,9.0,64.0,660,2596110336,2596548608
cold,False,0,27,2.707663,0,9.0,64.0,660,2596790272,2597097472
cold,False,0,28,2.498288,0,9.0,64.0,660,2597097472,2596872192
cold,False,0,29,2.403936,0,9.0,64.0,660,2596990976,2597199872
cold,False,25,0,6.208513,0,9.0,64.0,660,2597232640,2591789056
cold,False,25,1,2.639249,0,9.0,64.0,660,2592403456,2597949440
cold,False,25,2,2.476344,0,9.0,64.0,660,2596913152,2593583104
cold,False,25,3,2.511357,0,9.0,64.0,660,2593591296,2598363136
cold,False,25,4,2.305086,0,9.0,64.0,660,2598371328,2598473728
cold,False,25,5,2.5133,0,9.0,64.0,660,2598612992,2598871040
cold,False,25,6,2.226137,0,9.0,64.0,660,2598879232,2598797312
cold,False,25,7,2.277234,0,9.0,64.0,660,2598801408,2598875136
cold,False,25,8,3.074927,0,9.0,64.0,660,2598899712,2598965248
cold,False,25,9,2.65995,0,9.0,64.0,660,2599018496,2599051264
cold,False,25,10,2.205826,0,9.0,64.0,660,2604638208,2605010944
cold,False,25,11,2.324676,0,9.0,64.0,660,2605158400,2605256704
cold,False,25,12,2.380409,0,9.0,64.0,660,2605264896,2600435712
cold,False,25,13,2.349033,0,9.0,64.0,660,2605584384,2605514752
cold,False,25,14,2.41365,0,9.0,64.0,660,2601795584,2601967616
cold,False,25,15,2.543906,0,9.0,64.0,660,2600550400,2600689664
cold,False,25,16,2.348552,0,9.0,64.0,660,2605977600,2605867008
cold,False,25,17,2.403995,0,9.0,64.0,660,2601984000,2602041344
cold,False,25,18,2.284,0,9.0,64.0,660,2606612480,2607054848
cold,False,25,19,2.343529,0,9.0,64.0,660,2607173632,2607255552
cold,False,25,20,2.562484,0,9.0,64.0,660,2602913792,2602962944
cold,False,25,21,2.612459,0,9.0,64.0,660,2607517696,2607456256
cold,False,25,22,2.34696,0,9.0,64.0,660,2602442752,2602819584
cold,False,25,23,2.343284,0,9.0,64.0,660,2608185344,2608140288
cold,False,25,24,3.515021,0,9.0,64.0,660,2608209920,2608373760
cold,False,25,25,2.529384,0,9.0,64.0,660,2603847680,2603696128
cold,False,25,26,3.385646,0,9.0,64.0,660,2608816128,2609086464
cold,False,25,27,2.403865,0,9.0,64.0,660,2604175360,2604138496
cold,False,25,28,2.160358,0,9.0,64.0,660,2609061888,2609287168
cold,False,25,29,2.569535,0,9.0,64.0,660,2609594368,2609635328
cold,False,100,0,2.490606,0,9.0,64.0,660,2604408832,2598080512
cold,False,100,1,2.769286,0,9.0,64.0,660,2603126784,2609397760
cold,False,100,2,2.358436,0,9.0,64.0,660,2604470272,2598273024
cold,False,100,3,2.756817,0,9.0,64.0,661,2596884480,2603118592
cold,False,100,4,2.176883,0,9.0,64.0,661,2610425856,2610892800
cold,False,100,5,2.164474,0,9.0,64.0,661,2610900992,2610913280
cold,False,100,6,2.328772,0,9.0,64.0,661,2611105792,2611105792
cold,False,100,7,2.581072,0,9.0,64.0,661,2611113984,2611204096
cold,False,100,8,2.843959,0,9.0,64.0,661,2611208192,2611302400
cold,False,100,9,2.425027,0,9.0,64.0,661,2611306496,2611310592
cold,False,100,10,2.549014,0,9.0,64.0,661,2611335168,2611347456
cold,False,100,11,2.460901,0,9.0,64.0,661,2611429376,2611474432
cold,False,100,12,2.161219,0,9.0,64.0,661,2611802112,2611941376
cold,False,100,13,2.177003,0,9.0,64.0,661,2611945472,2611949568
cold,False,100,14,2.517877,0,9.0,64.0,661,2611949568,2611949568
cold,False,100,15,2.504607,0,9.0,64.0,661,2611949568,2611961856
cold,False,100,16,2.367821,0,9.0,64.0,661,2611970048,2611978240
cold,False,100,17,2.435733,0,9.0,64.0,677,2611978240,2611994624
cold,False,100,18,2.390856,0,9.0,64.0,677,2611998720,2612002816
cold,False,100,19,2.228961,0,9.0,64.0,677,2612056064,2612105216
cold,False,100,20,2.324406,0,9.0,64.0,677,2606944256,2607095808
cold,False,100,21,2.16194,0,9.0,64.0,677,2612666368,2612854784
cold,False,100,22,2.160148,0,9.0,64.0,677,2606956544,2607042560
cold,False,100,23,2.532068,0,9.0,64.0,677,2613030912,2613043200
cold,False,100,24,2.058264,0,9.0,64.0,677,2606968832,2606985216
cold,False,100,25,2.443505,0,9.0,64.0,677,2613022720,2613022720
cold,False,100,26,2.317766,0,9.0,64.0,677,2613346304,2605764608
cold,False,100,27,2.390355,0,9.0,64.0,677,2605793280,2605895680
cold,False,100,28,2.42669,0,9.0,64.0,677,2606493696,2606497792
cold,False,100,29,2.560792,0,9.0,64.0,677,2614272000,2614280192
cold,True,0,0,2.954416,0.314575,9.0,64.0,660,2436362240,2455310336
cold,True,0,1,2.16835,0.118819,9.0,64.0,660,2458107904,2458972160
cold,True,0,2,2.048269,0.15693699999999994,9.0,64.0,660,2460684288,2461343744
cold,True,0,3,2.08841,0.12557,9.0,64.0,660,2463260672,2463531008
cold,True,0,4,2.057814,0.150477,9.0,64.0,660,2464190464,2464714752
cold,True,0,5,2.879903,0.2003370000000001,9.0,64.0,660,2466258944,2466361344
cold,True,0,6,2.392288,0.1367269999999999,9.0,64.0,660,2466856960,2467049472
cold,True,0,7,2.300419,0.14047199999999999,9.0,64.0,660,2464223232,2464419840
cold,True,0,8,2.44042,0.168554,9.0,64.0,660,2464804864,2465144832
cold,True,0,9,2.77132,0.179521,9.0,64.0,660,2465615872,2476847104
cold,True,0,10,2.255732,0.17441299999999998,9.0,64.0,660,2488037376,2490638336
cold,True,0,11,2.322353,0.15813800000000017,9.0,64.0,660,2503102464,2503905280
cold,True,0,12,2.598438,0.18533999999999998,9.0,64.0,660,2518577152,2524741632
cold,True,0,13,2.773072,0.17331099999999977,9.0,64.0,660,2536706048,2540613632
cold,True,0,14,2.426209,0.17116800000000018,9.0,64.0,660,2555527168,2562023424
cold,True,0,15,2.675556,0.16914499999999988,9.0,64.0,660,2568265728,2579214336
cold,True,0,16,3.242841,0.1948639999999999,9.0,64.0,660,2579501056,2579591168
cold,True,0,17,5.68904,0.1963160000000002,9.0,64.0,660,2579734528,2579787776
cold,True,0,18,3.308651,0.3091859999999999,9.0,64.0,660,2579906560,2580074496
cold,True,0,19,2.830439,0.30064300000000016,9.0,64.0,660,2581139456,2580570112
cold,True,0,20,2.664614,0.2657460000000003,9.0,64.0,660,2580807680,2586316800
cold,True,0,21,2.465548,0.19703699999999974,9.0,64.0,660,2581868544,2580992000
cold,True,0,22,8.229651,0.16933499999999962,9.0,64.0,660,2581090304,2581151744
cold,True,0,23,5.071118,0.49939299999999986,9.0,64.0,660,2581286912,2581692416
cold,True,0,24,2.846042,0.2197010000000001,9.0,64.0,660,2589634560,2590765056
cold,True,0,25,6.326362,0.8177130000000002,9.0,64.0,660,2591252480,2591285248
cold,True,0,26,4.310161,0.26191499999999973,9.0,64.0,660,2591301632,2591215616
cold,True,0,27,2.560712,0.11636500000000022,9.0,64.0,660,2591252480,2591264768
cold,True,0,28,3.157196,0.5178609999999997,9.0,64.0,660,2591571968,2592149504
cold,True,0,29,3.020446,0.15101800000000015,9.0,64.0,660,2592874496,2592837632
cold,True,25,0,11.972641,0.21809900000000024,9.0,48.0,660,2593120256,2594226176
cold,True,25,1,5.710212,0.12589000000000003,9.0,48.0,660,2594496512,2594766848
cold,True,25,2,2.491628,0.1945330000000002,9.0,48.0,660,2596904960,2597662720
cold,True,25,3,2.937671,0.20504899999999968,9.0,48.0,660,2597715968,2597928960
cold,True,25,4,3.130717,0.3704339999999994,9.0,48.0,660,2598043648,2597986304
cold,True,25,5,3.00032,0.19570600000000035,9.0,48.0,660,2597961728,2597859328
cold,True,25,6,2.836929,0.20558000000000035,9.0,48.0,660,2597863424,2598297600
cold,True,25,7,2.623818,0.236076,9.0,48.0,660,2598031360,2598629376
cold,True,25,8,2.751861,0.20543899999999998,9.0,48.0,660,2598641664,2598428672
cold,True,25,9,3.006555,0.2820050000000001,9.0,48.0,660,2598219776,2598572032
cold,True,25,10,2.983811,0.1742930000000007,9.0,48.0,660,2599915520,2600767488
cold,True,25,11,3.004902,0.16513899999999992,9.0,48.0,660,2600771584,2601287680
cold,True,25,12,2.55875,0.18245499999999976,9.0,48.0,660,2601291776,2601607168
cold,True,25,13,3.323453,0.24590099999999976,9.0,48.0,660,2601144320,2601201664
cold,True,25,14,7.028452,0.2781399999999996,9.0,48.0,660,2601201664,2601230336
cold,True,25,15,3.959893,0.24582599999999932,9.0,48.0,660,2601574400,2601578496
cold,True,25,16,2.719772,0.37985299999999944,9.0,48.0,660,2601594880,2601050112
cold,True,25,17,2.610617,0.15594499999999933,9.0,48.0,660,2601529344,2601570304
cold,True,25,18,3.954435,0.21318199999999926,9.0,48.0,660,2602745856,2602893312
cold,True,25,19,2.631879,0.16368699999999917,9.0,48.0,660,2603380736,2599776256
cold,True,25,20,2.364757,0.15864999999999976,9.0,48.0,660,2603110400,2603487232
cold,True,25,21,3.181709,0.19374200000000022,9.0,48.0,660,2603675648,2603257856
cold,True,25,22,2.55904,0.13733699999999954,9.0,48.0,660,2599841792,2603905024
cold,True,25,23,2.512359,0.1520289999999997,9.0,48.0,660,2606321664,2606948352
cold,True,25,24,2.561083,0.13249000000000072,9.0,48.0,660,2603319296,2606444544
cold,True,25,25,2.523626,0.1484639999999992,9.0,48.0,660,2606845952,2603057152
cold,True,25,26,2.440842,0.13852900000000007,9.0,48.0,660,2607181824,2607833088
cold,True,25,27,3.090236,0.27489399999999947,9.0,48.0,660,2607611904,2604036096
cold,True,25,28,3.165059,0.31392799999999976,9.0,48.0,660,2607833088,2604322816
cold,True,25,29,2.59259,0.20673600000000075,9.0,48.0,660,2604236800,2607783936
cold,True,100,0,7.330226,3.830176999999999,9.0,0.0,660,2603921408,2608500736
cold,True,100,1,2.703658,0.1826559999999998,9.0,0.0,660,2608087040,2603802624
cold,True,100,2,2.657809,0.1783189999999997,9.0,0.0,660,2607861760,2603810816
cold,True,100,3,2.731089,0.1500460000000009,9.0,0.0,661,2604204032,2608250880
cold,True,100,4,2.434833,0.2141030000000002,9.0,0.0,661,2604355584,2609135616
cold,True,100,5,2.404216,0.19185899999999909,9.0,0.0,661,2608926720,2604658688
cold,True,100,6,2.445438,0.20544999999999938,9.0,0.0,661,2608734208,2604789760
cold,True,100,7,2.81782,0.19959099999999896,9.0,0.0,661,2604691456,2608508928
cold,True,100,8,2.715746,0.16522899999999938,9.0,0.0,661,2608594944,2605146112
cold,True,100,9,2.542054,0.18871499999999902,9.0,0.0,661,2604761088,2609401856
cold,True,100,10,2.976204,0.15405199999999827,9.0,0.0,661,2605199360,2609303552
cold,True,100,11,2.553151,0.1621750000000005,9.0,0.0,661,2609254400,2609590272
cold,True,100,12,2.644889,0.1759050000000005,9.0,0.0,661,2605371392,2609733632
cold,True,100,13,2.750509,0.1672830000000007,9.0,0.0,661,2609340416,2609905664
cold,True,100,14,2.517628,0.19281100000000106,9.0,0.0,661,2609946624,2609848320
cold,True,100,15,2.483026,0.16632100000000052,9.0,0.0,661,2609471488,2618007552
cold,True,100,16,2.535594,0.18508000000000066,9.0,0.0,661,2618019840,2617999360
cold,True,100,17,2.41985,0.1622850000000016,9.0,0.0,677,2617688064,2617958400
cold,True,100,18,2.614864,0.16263500000000125,9.0,0.0,677,2617991168,2617987072
cold,True,100,19,2.436005,0.15900900000000162,9.0,0.0,677,2617966592,2617876480
cold,True,100,20,2.95066,0.2215739999999987,9.0,0.0,677,2618572800,2619092992
cold,True,100,21,3.034678,0.19660599999999848,9.0,0.0,677,2619019264,2619453440
cold,True,100,22,2.862648,0.22955599999999882,9.0,0.0,677,2619482112,2619310080
cold,True,100,23,2.802353,0.16993699999999848,9.0,0.0,677,2619215872,2618896384
cold,True,100,24,2.441712,0.19512500000000085,9.0,0.0,677,2618953728,2619191296
cold,True,100,25,2.451458,0.1867920000000016,9.0,0.0,677,2619232256,2619281408
cold,True,100,26,2.588604,0.2026450000000013,9.0,0.0,677,2619322368,2619260928
cold,True,100,27,2.592089,0.21697700000000014,9.0,0.0,677,2619125760,2619400192
cold,True,100,28,2.634017,0.27715799999999957,9.0,0.0,677,2620076032,2620223488
cold,True,100,29,2.840494,0.1907579999999992,9.0,0.0,677,2619891712,2619846656
normal,False,0,0,2.619972,0,9.0,64.0,660,2437439488,2449166336
normal,False,0,1,1.895194,0,9.0,64.0,660,2450157568,2452381696
normal,False,0,2,2.066326,0,9.0,64.0,660,2453078016,2453295104
normal,False,0,3,2.508193,0,9.0,64.0,660,2453753856,2454122496
normal,False,0,4,2.160178,0,9.0,64.0,660,2454695936,2454904832
normal,False,0,5,1.966306,0,9.0,64.0,660,2455203840,2455257088
normal,False,0,6,2.005625,0,9.0,64.0,660,2455584768,2455670784
normal,False,0,7,1.952225,0,9.0,64.0,660,2455801856,2456096768
normal,False,0,8,2.102902,0,9.0,64.0,660,2456252416,2456301568
normal,False,0,9,2.089532,0,9.0,64.0,660,2456416256,2462134272
normal,False,0,10,2.555975,0,9.0,64.0,660,2473345024,2479411200
normal,False,0,11,2.196413,0,9.0,64.0,660,2490798080,2497359872
normal,False,0,12,1.972135,0,9.0,64.0,660,2509037568,2511753216
normal,False,0,13,2.209933,0,9.0,64.0,660,2523283456,2532212736
normal,False,0,14,2.173188,0,9.0,64.0,660,2543353856,2549387264
normal,False,0,15,2.02859,0,9.0,64.0,660,2558976000,2569269248
normal,False,0,16,2.011093,0,9.0,64.0,660,2569744384,2570145792
normal,False,0,17,2.14148,0,9.0,64.0,660,2570330112,2570399744
normal,False,0,18,2.127569,0,9.0,64.0,660,2570629120,2570694656
normal,False,0,19,2.004063,0,9.0,64.0,660,2571251712,2571624448
normal,False,0,20,3.955646,0,9.0,64.0,660,2571886592,2568548352
normal,False,0,21,2.703067,0,9.0,64.0,660,2568634368,2568663040
normal,False,0,22,2.255066,0,9.0,64.0,660,2568835072,2568867840
normal,False,0,23,2.511212,0,9.0,64.0,660,2568970240,2569023488
normal,False,0,24,2.059656,0,9.0,64.0,660,2575745024,2589585408
normal,False,0,25,2.126457,0,9.0,64.0,660,2589614080,2585071616
normal,False,0,26,2.483465,0,9.0,64.0,660,2590121984,2590420992
normal,False,0,27,2.500662,0,9.0,64.0,660,2590609408,2591145984
normal,False,0,28,2.348572,0,9.0,64.0,660,2591182848,2586120192
normal,False,0,29,2.06162,0,9.0,64.0,660,2591416320,2591731712
normal,False,25,0,2.135691,0,9.0,64.0,660,2591825920,2592116736
normal,False,25,1,2.080748,0,9.0,64.0,660,2592227328,2592645120
normal,False,25,2,2.013968,0,9.0,64.0,660,2593873920,2597130240
normal,False,25,3,2.550572,0,9.0,64.0,660,2597593088,2590818304
normal,False,25,4,2.008329,0,9.0,64.0,660,2594897920,2598227968
normal,False,25,5,2.622917,0,9.0,64.0,660,2598744064,2596077568
normal,False,25,6,2.074809,0,9.0,64.0,660,2599444480,2599587840
normal,False,25,7,2.003402,0,9.0,64.0,660,2599653376,2597150720
normal,False,25,8,2.332928,0,9.0,64.0,660,2597318656,2600603648
normal,False,25,9,2.279959,0,9.0,64.0,660,2597408768,2597531648
normal,False,25,10,2.418088,0,9.0,64.0,660,2599104512,2602975232
normal,False,25,11,2.9107,0,9.0,64.0,660,2603151360,2603380736
normal,False,25,12,2.277575,0,9.0,64.0,660,2599452672,2599727104
normal,False,25,13,2.023832,0,9.0,64.0,660,2599927808,2603884544
normal,False,25,14,2.021273,0,9.0,64.0,660,2603896832,2600017920
normal,False,25,15,2.062717,0,9.0,64.0,660,2603966464,2603978752
normal,False,25,16,2.074429,0,9.0,64.0,660,2604044288,2604290048
normal,False,25,17,2.220694,0,9.0,64.0,660,2604449792,2604470272
normal,False,25,18,2.314802,0,9.0,64.0,660,2597797888,2606325760
normal,False,25,19,2.676101,0,9.0,64.0,660,2592907264,2593046528
normal,False,25,20,2.136032,0,9.0,64.0,660,2589642752,2589835264
normal,False,25,21,2.146106,0,9.0,64.0,660,2589892608,2606460928
normal,False,25,22,4.18391,0,9.0,64.0,660,2606669824,2606845952
normal,False,25,23,2.186999,0,9.0,64.0,660,2603581440,2603712512
normal,False,25,24,2.165897,0,9.0,64.0,660,2603806720,2607611904
normal,False,25,25,2.266849,0,9.0,64.0,660,2607693824,2604552192
normal,False,25,26,2.170063,0,9.0,64.0,660,2608844800,2609029120
normal,False,25,27,2.112145,0,9.0,64.0,660,2609029120,2609319936
normal,False,25,28,2.169332,0,9.0,64.0,660,2609332224,2609377280
normal,False,25,29,2.495713,0,9.0,64.0,660,2609393664,2609594368
normal,False,100,0,2.361532,0,9.0,64.0,660,2609623040,2609627136
normal,False,100,1,2.670127,0,9.0,64.0,660,2609856512,2610114560
normal,False,100,2,2.404427,0,9.0,64.0,660,2610176000,2610225152
normal,False,100,3,2.304265,0,9.0,64.0,661,2610311168,2610429952
normal,False,100,4,2.739402,0,9.0,64.0,661,2611470336,2611474432
normal,False,100,5,2.655214,0,9.0,64.0,661,2607869952,2608267264
normal,False,100,6,2.665791,0,9.0,64.0,661,2608316416,2611773440
normal,False,100,7,2.504592,0,9.0,64.0,661,2611802112,2612211712
normal,False,100,8,2.178065,0,9.0,64.0,661,2612228096,2612506624
normal,False,100,9,2.32044,0,9.0,64.0,661,2612596736,2612637696
normal,False,100,10,2.123502,0,9.0,64.0,661,2612707328,2612797440
normal,False,100,11,2.635815,0,9.0,64.0,661,2609582080,2609586176
normal,False,100,12,2.332558,0,9.0,64.0,661,2609680384,2612543488
normal,False,100,13,2.325196,0,9.0,64.0,661,2612563968,2613567488
normal,False,100,14,2.680372,0,9.0,64.0,661,2613567488,2613682176
normal,False,100,15,2.108119,0,9.0,64.0,661,2613739520,2613739520
normal,False,100,16,2.257094,0,9.0,64.0,661,2613760000,2613833728
normal,False,100,17,2.519259,0,9.0,64.0,677,2613874688,2613911552
normal,False,100,18,2.444157,0,9.0,64.0,677,2613981184,2613985280
normal,False,100,19,2.170123,0,9.0,64.0,677,2614050816,2614214656
normal,False,100,20,2.206408,0,9.0,64.0,677,2614874112,2612527104
normal,False,100,21,2.33406,0,9.0,64.0,677,2612588544,2615341056
normal,False,100,22,2.349343,0,9.0,64.0,677,2615803904,2615832576
normal,False,100,23,2.32725,0,9.0,64.0,677,2616004608,2616582144
normal,False,100,24,2.194059,0,9.0,64.0,677,2613968896,2614312960
normal,False,100,25,2.455483,0,9.0,64.0,677,2614362112,2616963072
normal,False,100,26,2.299853,0,9.0,64.0,677,2617028608,2611654656
normal,False,100,27,2.327451,0,9.0,64.0,677,2617479168,2618023936
normal,False,100,28,2.252707,0,9.0,64.0,677,2614669312,2609213440
normal,False,100,29,2.585539,0,9.0,64.0,677,2609348608,2615517184
normal,True,0,0,2.441261,0.06385600000000001,9.0,64.0,660,2437038080,2448302080
normal,True,0,1,2.017954,0.07364099999999998,9.0,64.0,660,2449510400,2451832832
normal,True,0,2,2.065114,0.041672999999999995,9.0,64.0,660,2453209088,2449911808
normal,True,0,3,1.933886,0.13073700000000002,9.0,64.0,660,2450300928,2454757376
normal,True,0,4,2.059246,0.042863999999999985,9.0,64.0,660,2455543808,2451451904
normal,True,0,5,1.798963,0.05782699999999999,9.0,64.0,660,2451689472,2456403968
normal,True,0,6,2.097313,0.05730699999999998,9.0,64.0,660,2456924160,2457010176
normal,True,0,7,2.542745,0.06953499999999996,9.0,64.0,660,2457284608,2457473024
normal,True,0,8,2.324126,0.08935499999999995,9.0,64.0,660,2457714688,2457915392
normal,True,0,9,2.46597,0.22663200000000006,9.0,64.0,660,2458103808,2461077504
normal,True,0,10,2.456437,0.08845399999999996,9.0,64.0,660,2473136128,2479194112
normal,True,0,11,2.478961,0.06755200000000001,9.0,64.0,660,2490662912,2496827392
normal,True,0,12,2.179159,0.07470200000000006,9.0,64.0,660,2508210176,2504708096
normal,True,0,13,2.287712,0.03664500000000008,9.0,64.0,660,2518269952,2523144192
normal,True,0,14,2.25978,0.038218000000000016,9.0,64.0,660,2533920768,2543185920
normal,True,0,15,2.09406,0.07291000000000003,9.0,64.0,660,2554990592,2566205440
normal,True,0,16,2.243295,0.09213899999999998,9.0,64.0,660,2566336512,2566443008
normal,True,0,17,2.303376,0.08753199999999997,9.0,64.0,660,2566922240,2566946816
normal,True,0,18,2.214822,0.0336309999999999,9.0,64.0,660,2567069696,2567131136
normal,True,0,19,2.268253,0.04303500000000008,9.0,64.0,660,2567426048,2567446528
normal,True,0,20,2.275754,0.05842799999999991,9.0,64.0,660,2567733248,2567782400
normal,True,0,21,2.609117,0.06877399999999996,9.0,64.0,660,2567897088,2568060928
normal,True,0,22,2.417448,0.0748229999999999,9.0,64.0,660,2568187904,2568204288
normal,True,0,23,2.512391,0.07195899999999991,9.0,64.0,660,2568491008,2568536064
normal,True,0,24,2.288233,0.083416,9.0,64.0,660,2573570048,2576801792
normal,True,0,25,2.72731,0.07054600000000011,9.0,64.0,660,2576818176,2577170432
normal,True,0,26,2.461354,0.06566899999999998,9.0,64.0,660,2577174528,2577227776
normal,True,0,27,2.368825,0.10186400000000012,9.0,64.0,660,2577231872,2577260544
normal,True,0,28,2.45872,0.048583999999999954,9.0,64.0,660,2577604608,2577772544
normal,True,0,29,2.342184,0.08623000000000007,9.0,64.0,660,2578018304,2577887232
normal,True,25,0,2.653905,0.08861399999999989,9.0,48.0,660,2576666624,2578104320
normal,True,25,1,2.287151,0.06993500000000014,9.0,48.0,660,2578231296,2578038784
normal,True,25,2,5.421952,0.06592000000000013,9.0,48.0,660,2592157696,2592735232
normal,True,25,3,2.771782,0.16467800000000013,9.0,48.0,660,2592780288,2592825344
normal,True,25,4,4.658369,0.13016600000000014,9.0,48.0,660,2593120256,2593140736
normal,True,25,5,2.404298,0.0808419999999998,9.0,48.0,660,2593243136,2593255424
normal,True,25,6,2.492081,0.07421200000000015,9.0,48.0,660,2593280000,2593288192
normal,True,25,7,2.426732,0.07961999999999986,9.0,48.0,660,2593374208,2593533952
normal,True,25,8,3.128159,0.09126799999999982,9.0,48.0,660,2593603584,2593800192
normal,True,25,9,2.614064,0.048452999999999954,9.0,48.0,660,2593931264,2594344960
normal,True,25,10,2.802206,0.0912370000000001,9.0,48.0,660,2595651584,2596122624
normal,True,25,11,3.420279,0.09708100000000017,9.0,48.0,660,2596179968,2596265984
normal,True,25,12,3.035347,0.07301000000000009,9.0,48.0,660,2590322688,2596196352
normal,True,25,13,2.499329,0.07692600000000016,9.0,48.0,660,2596200448,2596544512
normal,True,25,14,2.467612,0.047301000000000024,9.0,48.0,660,2596564992,2596675584
normal,True,25,15,3.569499,0.320042,9.0,48.0,660,2596765696,2596818944
normal,True,25,16,2.411787,0.10286499999999973,9.0,48.0,660,2596917248,2596929536
normal,True,25,17,2.57914,0.16913499999999995,9.0,48.0,660,2597011456,2597036032
normal,True,25,18,4.719703,0.08187299999999967,9.0,48.0,660,2598445056,2598690816
normal,True,25,19,7.420246,0.12103300000000042,9.0,48.0,660,2598772736,2599317504
normal,True,25,20,2.387982,0.07830800000000002,9.0,48.0,660,2599600128,2589057024
normal,True,25,21,2.297675,0.09205799999999989,9.0,48.0,660,2591551488,2599297024
normal,True,25,22,2.673872,0.10517800000000005,9.0,48.0,660,2591612928,2599620608
normal,True,25,23,2.674744,0.046720000000000095,9.0,48.0,660,2596823040,2589114368
normal,True,25,24,4.182028,0.047952999999999885,9.0,48.0,660,2597470208,2600452096
normal,True,25,25,2.673753,0.08037100000000008,9.0,48.0,660,2600620032,2600665088
normal,True,25,26,2.71866,0.08052100000000006,9.0,48.0,660,2601033728,2601041920
normal,True,25,27,2.479059,0.08971499999999977,9.0,48.0,660,2601123840,2601127936
normal,True,25,28,2.396704,0.06605999999999973,9.0,48.0,660,2601144320,2601156608
normal,True,25,29,2.893003,0.0489640000000003,9.0,48.0,660,2601226240,2601230336
normal,True,100,0,2.604908,0.0786789999999999,9.0,0.0,660,2601922560,2598952960
normal,True,100,1,2.668946,0.08466800000000041,9.0,0.0,660,2601947136,2599161856
normal,True,100,2,2.674454,0.16802400000000012,9.0,0.0,660,2599243776,2602323968
normal,True,100,3,2.471237,0.06334599999999971,9.0,0.0,661,2602475520,2599583744
normal,True,100,4,2.890299,0.08073099999999969,9.0,0.0,661,2600402944,2603634688
normal,True,100,5,2.46643,0.07874800000000001,9.0,0.0,661,2600460288,2600476672
normal,True,100,6,2.606942,0.07918900000000034,9.0,0.0,661,2600476672,2604056576
normal,True,100,7,2.6261,0.03120700000000011,9.0,0.0,661,2600546304,2603757568
normal,True,100,8,2.528428,0.04558900000000039,9.0,0.0,661,2603761664,2600570880
normal,True,100,9,2.790774,0.09019599999999986,9.0,0.0,661,2604118016,2600636416
normal,True,100,10,2.435633,0.08531800000000003,9.0,0.0,661,2600779776,2603958272
normal,True,100,11,2.649156,0.09565399999999971,9.0,0.0,661,2604228608,2610868224
normal,True,100,12,2.55905,0.04108199999999958,9.0,0.0,661,2611380224,2611621888
normal,True,100,13,2.822317,0.05787699999999958,9.0,0.0,661,2611634176,2611974144
normal,True,100,14,2.457176,0.08151199999999972,9.0,0.0,661,2612015104,2612039680
normal,True,100,15,3.16936,0.601056,9.0,0.0,661,2612256768,2612400128
normal,True,100,16,4.290321,0.0795800000000001,9.0,0.0,661,2612408320,2612490240
normal,True,100,17,2.312067,0.0452880000000001,9.0,0.0,677,2612535296,2612539392
normal,True,100,18,2.764269,0.044556999999999757,9.0,0.0,677,2612789248,2612789248
normal,True,100,19,2.597908,0.10476799999999988,9.0,0.0,677,2612871168,2612908032
normal,True,100,20,2.4431,0.0668209999999999,9.0,0.0,677,2613190656,2613239808
normal,True,100,21,2.291677,0.06763199999999976,9.0,0.0,677,2613243904,2613256192
normal,True,100,22,3.008552,0.07117799999999987,9.0,0.0,677,2613256192,2613268480
normal,True,100,23,2.369944,0.07299000000000021,9.0,0.0,677,2613280768,2613280768
normal,True,100,24,2.323354,0.0804509999999996,9.0,0.0,677,2613350400,2613407744
normal,True,100,25,2.203163,0.03517300000000032,9.0,0.0,677,2613620736,2613727232
normal,True,100,26,2.444657,0.0462300000000004,9.0,0.0,677,2614018048,2614063104
normal,True,100,27,2.40691,0.06896400000000036,9.0,0.0,677,2614169600,2614190080
normal,True,100,28,2.375162,0.0795800000000001,9.0,0.0,677,2614882304,2614996992
normal,True,100,29,2.470667,0.0845580000000002,9.0,0.0,677,2615062528,2615377920
